person_id,full_name
10529,Benjamin Hart Butz
10530,Zack Brown
10531,Amy Nasr
10532,Elizabeth Miske
10533,Ron Rubin
10534,Beau Finley
10535,Steven Faigen
10536,Mark Moran
10537,Phyllis Green
10538,I-Ra Abubaker
10539,Joseph P. Brennan III
10540,Ursula Antares Miller
10541,"Sukhprita ""Prita"" Piekara"
10542,Ashlee Gates Mercer
10543,Marina Budimir
10544,Michael Kaercher
10545,Timothy William Drake
10546,Eric S. Blaylock
10547,Kelvin Brown
10548,Dexter Humphrey
10549,Kimberly Nichole Martin
10550,"George O. Reid, Jr."
