smd_id,Name,oanc_name,is_vacant,is_chairperson,oanc_hash_id
smd_2022_1A01,Max Ewart  Vice Chair,Max Ewart,False,False,f3bebe182acecc08289240f35fab9535b1c819eeb8e187c8b42613eb
smd_2022_1A02,Dieter Lehmann Morales Chairperson,Dieter Lehmann Morales,False,True,a8c58f17d6df64440f9a97bf8d89f1455bc71c0692a201b936ce87a6
smd_2022_1A03,Carlo Perri,Carlo Perri,False,False,6c8bcac8a8928bb2b2cc83dff1cf4bc5b08faacb9eab05d738a70968
smd_2022_1A04,Jeremy Sherman,Jeremy Sherman,False,False,622d3a5d934b451a9e68d5fc095967b3a0f92306c11f17f2b27adf64
smd_2022_1A05,Stephen Coleman Kenny,Stephen Coleman Kenny,False,False,ce27ae0bceb0130d130e6a00069265ed5c0326b2f3b8587ded02bdf6
smd_2022_1A06,Brandolon Barnett,Brandolon Barnett,False,False,8e91677e627db09a7d92e7597b8824ff4d4e6a7709dbfab051e1bd85
smd_2022_1A07,Mukta Ghorpadey  Secretary,Mukta Ghorpadey,False,False,89b5b4fb4376addc23a80ff5a094c825e53c3c04042c21b0d8531ec9
smd_2022_1A08,David Segall,David Segall,False,False,f689a64e52e306a6d2a830b093c64758e734144c7537dcab68c93477
smd_2022_1A09,James A. Turner  Treasurer,James A. Turner,False,False,de889d01b78a1db2714076a0386a51c1a731134cd16f6b151260ec26
smd_2022_1A10,Billy Easley,Billy Easley,False,False,1e31fd5eef7242837ed76a44d023856e685fd2e33600942ed41cfce5
smd_2022_1B01,Larry Handerhan  Vice Chair,Larry Handerhan,False,False,fbf34962d6b8ed61538de949f5d53df87f422b94b5d24bc596393c3e
smd_2022_1B02,Sean Holihan,Sean Holihan,False,False,b1dc2dfecc23e1fa6e4431defc5bc66718812ae557392be7550ccdc9
smd_2022_1B03,Jamie S. Sycamore,Jamie S. Sycamore,False,False,23c7c09862c53eca7c6e026a2e29f8b462870c7872f954ae367fba9f
smd_2022_1B04,Santiago Lakatos  Treasurer,Santiago Lakatos,False,False,140f18e5e9cb26df7a55b2da55d95559f5a9c660adc8632231b1799e
smd_2022_1B05,Alan Kensek,Alan Kensek,False,False,938f8f59c590fb392a8f3105600872618c369f3e98e87ec67a0d36bb
smd_2022_1B06,Mark Johnson,Mark Johnson,False,False,0746131787bb80be076b4899dd2bfa56d7fd5133536bca0cb5640ec5
smd_2022_1B07,Ashleigh Fields,Ashleigh Fields,False,False,f5e2c9d9a4297de27ab4de9b3b80f2898917b4202a3aa8b0e23e88fa
smd_2022_1B08,Sabel Harris  Chairperson,Sabel Harris,False,True,a9a4d00bb99284a359ed0e6abe2bfd26dfff4106c0f20c497a78db94
smd_2022_1B09,Tucker Jones  Secretary,Tucker Jones,False,False,1fa419cb63f5b4099589b573e56c908d6ca44d8f4a8996ffa8172b20
smd_2022_1C01,Vacant,Vacant,True,False,0454a30114b9231f82bdf6edd261498042f8d610e5546f09eabd74be
smd_2022_1C02,Lee Dixon,Lee Dixon,False,False,111aa53c2f0cd8d4afe4176ae07dec4f74a3caaf25342acbaac172b4
smd_2022_1C03,Peter Wood  Chairperson,Peter Wood,False,True,9c5274f5ad604279f871fa28067f7277cbb41223c4b23f7c0f410ba3
smd_2022_1C04,Joseph Van Wye  Vice Chair,Joseph Van Wye,False,False,93f291053007fb612fb713e84af73a15b5c51f350b983735205651ad
smd_2022_1C05,Margaret Stevens,Margaret Stevens,False,False,411703cb70bef1f6eb81f05229e3fe5f318ab999002239ce84b01fbe
smd_2022_1C06,Lynda Laughlin,Lynda Laughlin,False,False,696edf104837545d69283fe861a5b16441185e809e31a6762ecd01bc
smd_2022_1C07,Jake Faleschini  Secretary,Jake Faleschini,False,False,8e55b575c9c8989c8d201d8c60302bba29989586b2b5fe6c8f2b8b5b
smd_2022_1C08,Barney Shapiro  Treasurer,Barney Shapiro,False,False,c6cb9c17290f2e2f3fffc8f913008739c82d1b7ba703fff05cd6c7bf
smd_2022_1C09,John Jones,John Jones,False,False,f1a6ece9653e81de5fa28dc0ff0fc2c84a73e144f77a1def091ba54e
smd_2022_1D01,Kelly Willis,Kelly Willis,False,False,25d5e059e49a8810a0d1a956cd048b2f0cd2fcb4d4b47d1c9d3fef19
smd_2022_1D02,Hannah Grigg  Treasurer,Hannah Grigg,False,False,e240f6e3a04a1ca1213b179b4dca191c808aae9d6dd35cd30782ce11
smd_2022_1D03,Erika Nunez  Secretary,Erika Nunez,False,False,e144d25bf66fa3ab66e2ee252d58207f482a29ef59e4b620361777d9
smd_2022_1D04,Yasmin Romero,Yasmin Romero,False,False,6001606b250ae8f04e2eedda088c474715e1ed6b598f11bb2136eaba
smd_2022_1D05,Omar Parbhoo,Omar Parbhoo,False,False,78d3fc81949f87f34ff039426cbc5ea056cab897ff772c8c93ca6eb2
smd_2022_1D06,Angela Allison  Chairperson,Angela Allison,False,True,4a21d15d57628ce7395b6fb49ef3a0219f07bccfba2f426a18251e00
smd_2022_1D07,Gary Decker  Vice Chair,Gary Decker,False,False,42630815e16d7f773395e3f7ece8200b3381da65c0d19f4e3d3ab668
smd_2022_1E01,Bradley Gallagher,Bradley Gallagher,False,False,9a0311eb20ace061f0d9756d48ad5d02f5a0871ce94f3d8634afa2f4
smd_2022_1E02,Bobbie Lancaster,Bobbie Lancaster,False,False,04fc976786eeb951829a12d15b47917c9121ba4379d8cf57f6c532b8
smd_2022_1E03,Michael Wray  Treasurer,Michael Wray,False,False,40cae7f0a81be30470496cd857614ec550b8edf90b77901217078e8e
smd_2022_1E04,Rashida Brown  Vice Chair,Rashida Brown,False,False,d55800d5b850752d4a81a42276cb3a00ee154aab87c151dbbcac3f7b
smd_2022_1E05,Philip Newland,Philip Newland,False,False,e7a8c8cdc738980ac0fb943a798a34044a469fc04d81955d610ab04f
smd_2022_1E06,Josh Jacobson  Secretary,Josh Jacobson,False,False,0916aa0f12ce0f81c58646ae9bf8f54c55be31844db93cdf0cba51bb
smd_2022_1E07,Brian Footer  Chairperson,Brian Footer,False,True,014ccbf59a395745caf931f2c8cdbf041ace43fe4e0a47b2617c51f1
smd_2022_2A01,Yannik Omictin,Yannik Omictin,False,False,af586ddf9f550beb73c4a3c43fcaac4df6706c8764faff1f938ea02c
smd_2022_2A02,Jim Malec  Vice Chair,Jim Malec,False,False,eb21570545f257bd3aee37a04d51db0fd3eb36da3b2ffe798bc88a4d
smd_2022_2A03,"Trupti ""Trip"" Patel","Trupti ""Trip"" Patel",False,False,b8c3b4a2198017821ca2aba9c1f069df178a6b2ad8be7d585708f4d1
smd_2022_2A04,Ed Comer  Secretary,Ed Comer,False,False,bf645494b52fffabeddf1c0defbe2ccba959adf8fffdcb15c3ae3dc0
smd_2022_2A05,Kimberly Courtney,Kimberly Courtney,False,False,899804553b4538c74695f596e647eb451ba178219b78504a56eeb315
smd_2022_2A06,Joel Causey  Chairperson,Joel Causey,False,True,32885dd14060f549d950184479a0d208f5f1d21fabba945845d6eb5e
smd_2022_2A07,Dasia Bandy  Treasurer,Dasia Bandy,False,False,b6d395e514168fd0e3b82c068bf9c90d356c253fb873f12fb0dd72f2
smd_2022_2A08,Jordan Nassar,Jordan Nassar,False,False,2cb810e141ccdece006421137e43f71904008c19ea84b385a741ceb8
smd_2022_2A09,Evelyn Hudson,Evelyn Hudson,False,False,b12e147127983999b294e10667f2ad200d3e10ed324cf9259f46c7cc
smd_2022_2B01,Meg Roggensack Chairperson,Meg Roggensack,False,True,07606e66aad9df80132129e38f66bda9679f9d0d636d207763c1f7a9
smd_2022_2B02,Jeff Rueckgauer,Jeff Rueckgauer,False,False,c59cd9f18a3edc0e4dcfb157b370e8d9f8393315479f8f4f2a195a28
smd_2022_2B03,Vincent E. Slatt,Vincent E. Slatt,False,False,3c292fd39959ce359b4a2ef2b1177068e5a60d80d64d0f5af32f2951
smd_2022_2B04,China Dickerson  Treasurer,China Dickerson,False,False,36fb1e2a6630960da76557e209166202f47826111cc3099d4fcc2411
smd_2022_2B05,Z Stein,Z Stein,False,False,25a4d531558f4ca951fa0238ddbc94a18e5c94bcac0cd8ead8f45a17
smd_2022_2B06,Matt Johnson,Matt Johnson,False,False,5c3b2c63bec9ca6cd097fdc897d20d844d9407d128bdfcd3f969085c
smd_2022_2B07,Patricia Bencivenga  Secretary,Patricia Bencivenga,False,False,c05c9e5cc9afa4a78fc778a2a5953eca32cad4cbdcb69602152c1968
smd_2022_2B08,Zachary Adams  Vice Chair,Zachary Adams,False,False,424225e43a4f4ed930b14d54676861efb9d0a3d346bbcb1590bf0320
smd_2022_2B09,Christopher Davis,Christopher Davis,False,False,5bac40420a53d9f6a6f0c31e843f043cd2329fa8494a06771abdcb49
smd_2022_2C01,Michael D. Shankle  Chairperson,Michael D. Shankle,False,True,21f2720da11759f5d51811f0a2f7036fb83d823a386cd57ca29a33c2
smd_2022_2C02,Rebecca Strauss  Vice Chair,Rebecca Strauss,False,False,b24c28173fc1041fb1eb10f24712a0384c8ec8c9c5a65e1faa6f4f23
smd_2022_2C03,Thomas S. Lee  Treasurer,Thomas S. Lee,False,False,1430fc90fe5e0d534cb7f5269e45056a7a9ef537e6365c88b0c40a33
smd_2022_2C04,Kristin Roe  Seretary,Kristin Roe,False,False,5737efa81490aa87bc8461a7249f9346374eea74e8d8eb7a48956b3f
smd_2022_2D01,Ashley Warren  Chairperson/Secretary,Ashley Warren,False,True,1af6ae2b212daf4241d75d5db7413038a8b7ee6cbbcbe66f3f6305ce
smd_2022_2D02,Carole L. Feld  Vice Chair/Treasurer,Carole L. Feld,False,False,ec455da2df448cd8233c856bfeda1b38e9c4f03da7f63fc8605a8234
smd_2022_2E01,Kishan Putta,Kishan Putta,False,False,4543d7cc796b2bc9192df66e359c51904c9a3cb754d272f49435502e
smd_2022_2E02,"Christopher ""Topher"" Matthews","Christopher ""Topher"" Matthews",False,False,8c9f8c3df05fa3f1b02c10c69145bff864a8d1ba875c0fdc535bc372
smd_2022_2E03,Paul Maysak,Paul Maysak,False,False,da36e029462b004a3a5c0d86e23acf53dbc949f74b7a2012eaef7d6d
smd_2022_2E04,Joseph Massaua  Treasurer,Joseph Massaua,False,False,06b8f7507352cc7111de6f3ea19ababf848d1082bc562dc463eb0e13
smd_2022_2E05,Mimsy Lindner,Mimsy Lindner,False,False,79c09e5621768a67adbd0827fe400c6182cc55a30843bb85119eb76c
smd_2022_2E06,Gwendolyn Lohse  Vice Chair,Gwendolyn Lohse,False,False,401b08152e896c7717587066b1fe786a81a8014e1cb2ed460be36305
smd_2022_2E07,Elizabeth H. Miller  Chairperson,Elizabeth H. Miller,False,True,8815d43a75b57fb1feea3e5cf7d5015bca2a27cb8402c2fbb877a4d4
smd_2022_2E08,John Di Pierri  Secretary,John Di Pierri,False,False,132580f75ecc8b6cd2dab7e88bc24d77ab427991b249a5e0f66bde69
smd_2022_2F01,David R. Rubenstein,David R. Rubenstein,False,False,5aeaa4564d9fadf24272917a7afe5571ea4efc83ef81ba323127defd
smd_2022_2F02,Neil Rocklin,Neil Rocklin,False,False,90d7fcf2b9d5ae153ed9eeb68369a9265c038bca7cd5b294796dd087
smd_2022_2F03,Joe Florio  Chairperson,Joe Florio,False,True,5d368f7d5e90fd59fee853e74910bd3073ded8569222fbec9e3e0cbe
smd_2022_2F04,Brian J. Mccabe,Brian J. Mccabe,False,False,54ebf76d25b8fa994e01dc68df286c196d6e9db0724ae88a3590f1e4
smd_2022_2F05,Christopher Dyer  Secretary,Christopher Dyer,False,False,f6b25c07ce5319eafd330dbf3838f642f35020b36668d4ce8f617d10
smd_2022_2F06,Mathhew Fouracre  Treasurer,Mathhew Fouracre,False,False,d80b63d4a2a06dcad66dc62dc6d25cb3114a5192e08a435c06f2276d
smd_2022_2F07,Brant J. Miller  Vice Chair,Brant J. Miller,False,False,7054bfecda94e47c4152c28ca543eb9b9ccb7fcc313f35dd356089e8
smd_2022_2F08,Caroline Zagraniczny,Caroline Zagraniczny,False,False,84ac9a056d5f13e036f7e34368b5489975455480d60dda1ec8e119db
smd_2022_2G01,"Anthony ""Tony"" Brown  Treasurer","Anthony ""Tony"" Brown",False,False,91c5a82947594d876866a32297c8b5231029c2a8a8ae49ba560d243f
smd_2022_2G02,"Alexander M. ""Alex"" Padro  Chairperson","Alexander M. ""Alex"" Padro",False,True,43ff913a1446601a8de7b9e984b65a3d27c9d48d8f98ca8d5165a74c
smd_2022_2G03,Alex Lopez  Secretary,Alex Lopez,False,False,71431ee240253b513b48645450c48173a20e6cd3b0a476947469bf47
smd_2022_2G04,Steven McCarty,Steven McCarty,False,False,861b29ac0763a67e6faa20c5fc4b5e82ba79296754ea45067d0c05bd
smd_2022_2G05,Sheena Berry,Sheena Berry,False,False,9c9366970d6abd69ef4c064d642808549fa8685cc6f22244410f274d
smd_2022_2G06,Rachelle P. Nigro  Vice Chair,Rachelle P. Nigro,False,False,acc028e183ff763ec5525db0bc3742a47d9ddfeda56139506e86f17a
smd_2022_3/4G01,Lisa R. Gore  Chairperson,Lisa R. Gore,False,True,f88a494a15e35a5251d4490f32ac8fd8f23f238785e5081b506b7d1d
smd_2022_3/4G02,Bruce Sherman,Bruce Sherman,False,False,aad54a037d93b494336f4ec0b443130bce3191647a17816581dc3b38
smd_2022_3/4G03,James Nash  Secretary,James Nash,False,False,d01551e9594ef7887c037b0ba13cf868d9478ad3dc7b86650a88ed85
smd_2022_3/4G04,Michael Zeldin,Michael Zeldin,False,False,8aac7b8a34000c9854be6689d17f92452bf1d437ce836959901e3038
smd_2022_3/4G05,Peter Lynch,Peter Lynch,False,False,bf3738ac540424a233568ca16b2ff72eeaa39ff87050fbc8087f452f
smd_2022_3/4G06,Peter Gosselin  Vice Chair,Peter Gosselin,False,False,a3405e51b5ad1b9e4592d06ccb0d6a3a2ecb73419053c581a82171c3
smd_2022_3/4G07,Zachary Ferguson  Treasurer,Zachary Ferguson,False,False,c8dc711092a2eb68e93819a2ed8c0cfe7f49907c204c1b4555479359
smd_2022_3A01,Thaddeus Bradley-Lewis  Chairperson,Thaddeus Bradley-Lewis,False,True,9de5701470910f277a147a395da56dc52ee70a17be5b6552cf36c046
smd_2022_3A02,Judy Havemann,Judy Havemann,False,False,ff0acd0fb248885a2af62fbab3bd1588cc43a4fb6ac03e867aeab5d0
smd_2022_3A03,Hans B. Miller  Vice Chair,Hans B. Miller,False,False,bebef1ff9fc94f236511f258732a4da3d6f9cb350395159ec0ae04e2
smd_2022_3A04,Jeremy Del Moral  Treasurer,Jeremy Del Moral,False,False,0f67b23c54e37c898f511b04097271be9893f07d2c29a052f6a0199e
smd_2022_3A05,Ann Lane Mladinov  Secretary,Ann Lane Mladinov,False,False,7165454c40768a3feb8bc43f6f9d0fbae96bfbe5249583af5ce4b78d
smd_2022_3B01,Kevin Lavezzo,Kevin Lavezzo,False,False,39d0081d2dc7d1af434300c7e7a0fcb608da0941c960ad45fc8c437d
smd_2022_3B02,Jackie Blumenthal  Chairperson,Jackie Blumenthal,False,True,3d3b4ecc4d3f387b8d44e4e4204a09d7f55e9648f54604d5a2197efb
smd_2022_3B03,Melissa Lane  Secretary,Melissa Lane,False,False,2f38be7fe2ef211de3a37059330f1273db92872df1575a8b3945ee40
smd_2022_3B04,J. Kevin Carroll  Vice Chair,J. Kevin Carroll,False,False,748e550158ff4aedb35bbdac833e43837065cf837b2d156d12172eca
smd_2022_3B05,Gupi Howie,Gupi Howie,False,False,eaa04174c2d1281a9704455fafc9659fd931e5a1798ee31fd64ef444
smd_2022_3B06,Ben Bergmann  Treasurer,Ben Bergmann,False,False,938fe4e298ea696a3b3dcffa886ccfee084b2883201fc2aa6cae329a
smd_2022_3C01,Hayden Gise Vice Chair,Hayden Gise,False,False,2e4cf9160e21576c2aed85ba2fc5d8d012961f158eb539e1133788d3
smd_2022_3C02,Adam J. Prinzo  Secretary,Adam J. Prinzo,False,False,f3fa410342804576baae2b36813fd5dffecb5471f982dabf74ecbea3
smd_2022_3C03,Janell Marie Pagats  Chairperson,Janell Marie Pagats,False,True,7ec9c39510df4641d503c295e92791d5cafc1ef7ed09fda6f9b24eba
smd_2022_3C04,Roric McCorristin,Roric McCorristin,False,False,401e0bdd7b8c02fbe8dbcfa6da126da39afe2d1403ce9b9c2dce9426
smd_2022_3C05,Sauleh A. Siddiqui  Treasurer,Sauleh A. Siddiqui,False,False,fa17ace3fadcb110ee55c6655011312bd71666b315a5b9b8774987a1
smd_2022_3C06,Tammy Gordon,Tammy Gordon,False,False,c7d0da963223a89a8c7ede067f34bf3bb4846c7deecb234794cc38b7
smd_2022_3C07,Gawain Kripke,Gawain Kripke,False,False,ba947be368327cac968df33cfb9353266625b8461f20c730555a5a63
smd_2022_3C08,Rick Nash,Rick Nash,False,False,72233d2764710606da9e8d772de35e5795689f45c217c3bb2071e477
smd_2022_3D01,Chuck Elkins,Chuck Elkins,False,False,4b9a1b9b8674349e43686a3fde8d2fb845029eb4358258670514ebea
smd_2022_3D02,Tricia Duncan  Chairperson,Tricia Duncan,False,True,dcfae1af00ad748d205fc47380cc38c34c3eda01cd3fb8e644911aa0
smd_2022_3D03,Quentin Colon Roosevelt,Quentin Colon Roosevelt,False,False,f4401e2e9593d282654af3d3a3b0930a8fabbdb0409bc9df6b74d13e
smd_2022_3D04,Jeremy Joseph  Secretary,Jeremy Joseph,False,False,6940efb752da647be9e4fac143314ab905801433074014128aeac091
smd_2022_3D05,Bernie Horn  Vice Chair,Bernie Horn,False,False,000368861b69bdd2bfe38557353d9192a2441553accb305de4eb8a93
smd_2022_3D06,Marilyn Nowalk  Treasurer,Marilyn Nowalk,False,False,0c6c26042733af664037a5d71400e6a14360f2954762c820064a5e82
smd_2022_3D07,J. P. Szymkowicz,J. P. Szymkowicz,False,False,82c09540763341a20daaf1d331fdaa3f30707fbc3d918ada3630730e
smd_2022_3E01,Matthew Cohen  Vice Chair,Matthew Cohen,False,False,87cdb95abf753f43e067369ee4b09afebc1cd515ea7acd4325d06fa3
smd_2022_3E02,Amy B. Hall  Secretary,Amy B. Hall,False,False,47b9eecdcb0d6b3565b80273cd2aff01d2ae5ccd27fca1bf140801c8
smd_2022_3E03,Jonathan Bender  Chairperson,Jonathan Bender,False,True,9bccc085e31031a1369deefaca6417b5ab34ff6a253c2e13424a04fa
smd_2022_3E04,Tom Quinn  Treasurer,Tom Quinn,False,False,e2a83c59a8d1968816bd11f2ee815f2ed2c1084793b3c6fef7fb389b
smd_2022_3E05,Jefferey Denny,Jefferey Denny,False,False,9005a5f46eb1b436571d7cd3d91d001362162a0a506c6f8574af7b5f
smd_2022_3E06,Alexandra Gianinno,Alexandra Gianinno,False,False,78216c240d2ede76672023a769c92fbc56ec423c43dcd6616b427302
smd_2022_3E07,Diego Carney,Diego Carney,False,False,844ad3cac00b5cfdb4a25f6241c6da04e1c7bc13418debfe7814a45e
smd_2022_3E08,Rohin Ghosh,Rohin Ghosh,False,False,151be9cc6d1db1efbbc4af28df5f5ac00697def9be7330c99617f6d4
smd_2022_3F01,Ryan Cudemus-Brunoli  Secretary,Ryan Cudemus-Brunoli,False,False,8274070397cab1c0cfdee9fd4b4f1e818efff2b060a008af6701dc24
smd_2022_3F02,Teri Huet,Teri Huet,False,False,65f153ee228a4d509432e1381ec1d819e2d44d83bafaee9cbbffa695
smd_2022_3F03,Mitchell Baer  Treasurer,Mitchell Baer,False,False,8de755fdd4f8d29a7fd2ee30916c0e8fbdeaf8dcec18899353d5c82f
smd_2022_3F04,Claudette David  Chairperson,Claudette David,False,True,1ed628b316712e60beb9c441026711c4c0557f6cc6748d608cdc6333
smd_2022_3F05,James Tandaric  Vice Chair,James Tandaric,False,False,420089b44bf3f815882f3dfa1856613641bd024a12ab95253da01b45
smd_2022_3F06,Courtney Carlson,Courtney Carlson,False,False,f18a1d9eebe10a4a00f860c99d50e1a66ca7669505977c05a16b2ab1
smd_2022_4A01,Paula Y. Edwards,Paula Y. Edwards,False,False,9b2769b4077d93456d5fee24c29392590dec71de1e8ce6d9ea22bcf4
smd_2022_4A02,Joan Hoyte  Vice Chair,Joan Hoyte,False,False,e216697bfc2618b7e3cb16e6d7c766c56dcdcc015a75500061c9ae04
smd_2022_4A03,Stephen A. Whatley  Treasurer,Stephen A. Whatley,False,False,8287fe21b3171ab0441b1141817ede46e7e191d00801935b8f91dc33
smd_2022_4A04,Patience Singleton  Chairperson,Patience Singleton,False,True,3061cc765f61e578ebc4f65c1c4dd9db0a4a4aca086e3778db218ce6
smd_2022_4A05,Kim Patterson,Kim Patterson,False,False,beb21eb245db56dc7792ae4b268be753311121091dde5552d1d45b47
smd_2022_4A06,Vacant,Vacant,True,False,f6076392b6bbf5b796ec8972bf14d7b6f12e7b407de7684af829473c
smd_2022_4A07,Zack Bolton,Zack Bolton,False,False,f1dcae16ee5623f3c786536e2b2c1c8b3fc249fa6db370eaa7aed372
smd_2022_4B01,T. Michelle Colson,T. Michelle Colson,False,False,afdd8836cda8a35a54c3e9c9777f5ea4cf807da7672514406717afe2
smd_2022_4B02,Erin Palmer  Vice Chair,Erin Palmer,False,False,64f42937d068f6a34782cb9e443ac2275714df2d250aa5d2c792e71a
smd_2022_4B03,Zurick T. Smith,Zurick T. Smith,False,False,c7618395d9dbdb222d93ad3a9142d00921f5eb7c0ed4aa1c71c1bb1f
smd_2022_4B04,Evan Yeats,Evan Yeats,False,False,32c1089caa721b288bc939406fa1137fff2d1c7d7f55981097d72904
smd_2022_4B05,Kevin Gilligan  Secretary,Kevin Gilligan,False,False,af76377cf2a80388afe3b8d93f9183274cfde87289c69d6ce20275a1
smd_2022_4B06,Tiffani Nichole Johnson,Tiffani Nichole Johnson,False,False,094970c1486d99f8a0db62e39ac98c2f00fe0d0e6bbe70bad9098923
smd_2022_4B07,Michael Cohen,Michael Cohen,False,False,e7c48f07eb9ec310216bd8d0a9e970144d0b0381b3e101b4975d1ba4
smd_2022_4B08,Alison Brooks  Chairperson,Alison Brooks,False,True,5b66111af32a3ef7a53cccf74716cb57d2af0ceb0b252993f9cbe09b
smd_2022_4B09,Audrey Walker  Treasurer,Audrey Walker,False,False,c81b9f15fbc91a1a0bf6667de418d9c17d358a476c5d0cc3e9a8815c
smd_2022_4B10,Laroya A. Huff,Laroya A. Huff,False,False,3ffc61a207cb5dbfbf1b7930f77ca04efbcc4e2b560e683e9b49eeda
smd_2022_4C01,Casey Swegman,Casey Swegman,False,False,1830f60f1f84884ee7bc8cf18a5ed387bc96faeb674ab675ccd92b4c
smd_2022_4C02,Antoine M. Kirby,Antoine M. Kirby,False,False,fc30e7debfd28600d84c05d63fc65e188c6b7926e15459d173bae43c
smd_2022_4C03,Thomas P. Defranco  Treasurer,Thomas P. Defranco,False,False,3d50428f05c26abfae4dff8611c6ad81296e20c7e6c802dadcadae77
smd_2022_4C04,Daniel Alexander  Vice Chair,Daniel Alexander,False,False,8efcb8fce9346e849465bc4ad66953f631bed8c429c48b647de942b1
smd_2022_4C05,Brittany Kademian,Brittany Kademian,False,False,e162e356133d92186aaecd758c0f42691ac4c5750846986254bc5871
smd_2022_4C06,Karen Livingston  Chairperson,Karen Livingston,False,True,28a76b30bb60e17c4db32071e0fa6a780693d64095a4340116e92241
smd_2022_4C07,Matthew Bradfield  Secretary,Matthew Bradfield,False,False,d35d5c65f820d6d14e65107249c52859261179999e3ea9499e8a735d
smd_2022_4D01,Joy A. Pinkney,Joy A. Pinkney,False,False,da42f33746ee9fd4365630792ec2fefbb898df8ea86e91d0a2c1ef22
smd_2022_4D02,Kate Judson  Vice Chair,Kate Judson,False,False,0d24958f99bd16023ad8129a3af4578b1540f0d6d76bd038ac571967
smd_2022_4D03,Carson C. Lucarelli,Carson C. Lucarelli,False,False,2330c8866d090e766437f1b2e3e921fd4005bb2c88bc1e99f9b0bf93
smd_2022_4D04,"Chrysanthe ""CC"" Courniotes  Treasurer","Chrysanthe ""CC"" Courniotes",False,False,30168b18b77a2b114aa5e841ad4f99731b68692f94c9c8c808ec7c89
smd_2022_4D05,Stephen Marencic JR.,Stephen Marencic JR.,False,False,dcb91433cb723520bf260cc71524347c996e303f030d82b355dbfc7e
smd_2022_4D06,Aman George  Secretary,Aman George,False,False,c2b3eeb2843cef3fdec943f907950824d3d2c29f405b2b600731f86a
smd_2022_4D07,J. Clark Weigel,J. Clark Weigel,False,False,e3392c28328e7bb2cb8e2eebaf3c9a887d6cd16b7ee1936ea76c2eeb
smd_2022_4D08,Anthony Pirrotti  Chairperson,Anthony Pirrotti,False,True,5740e833f74434738e5968ca43523caf607fb509efc0222798ff37c2
smd_2022_4E01,Vanessa Rubio  Secretary,Vanessa Rubio,False,False,4f16f1baebd23bf89b854b7f2a234c70240c63dc30dd61bbfbecd158
smd_2022_4E02,Marlene Hunt Moss,Marlene Hunt Moss,False,False,49a438bb6315afbb479796f14dc4fd59a09e50553ee8070a1ca91dfe
smd_2022_4E03,Maria Barry Vice Chair,Maria Barry,False,False,18bdc39ed5df3ae246bb42ec27e28321441a8fe1640aee6e275b8892
smd_2022_4E04,Carla Ferris,Carla Ferris,False,False,c972ada2407b15f2e5d44b4e5db0d8b995721647ca5f06677fd7a84a
smd_2022_4E05,Ulysses E. Campbell  Treasurer,Ulysses E. Campbell,False,False,95bd25fb46fd7d7799c45add84c0f6fc96d3a886ddf0137eb3095a81
smd_2022_4E06,Pavan Ishwar Khoobchandani  Chairperson,Pavan Ishwar Khoobchandani,False,True,4c8b1b7eec836d8b42d76e7fc89eac5405dae39fa5b46db7b922b6d1
smd_2022_5A01,Duvalier J. Malone,Duvalier J. Malone,False,False,17bd4c5177c09e9f5b123460369301fe4134533aae1e5372bfd451f2
smd_2022_5A02,Karlus Cozart  Parlimentarian,Karlus Cozart,False,False,e6c9c9786a05700f9e749d93857a84af7327aed12919df69e2548687
smd_2022_5A03,Emily Singer Lucio  Secretary,Emily Singer Lucio,False,False,cf9e58f7f93b32ac07c281a05dbc72df8acfba1302bc14f6eb3cf04d
smd_2022_5A04,Diego Rojas,Diego Rojas,False,False,4245462c48631b5bc6ea0d2c57e03cf9586bf0ac39224fbc51d51e53
smd_2022_5A05,Vacant,Vacant,True,False,d4f5031609f6040151613264441159d60b17ba6ed8cc78891428b1b6
smd_2022_5A06,Kweku A. Toure  Vice Chair,Kweku A. Toure,False,False,103feb34838e573976cdc0b42bd973d3470d46e8d4414a6c23d239ef
smd_2022_5A07,Vacant,Vacant,True,False,44ed3e015caddd13fc1288342de0ccbbd2bf89cb9ce74608d30bce19
smd_2022_5A08,Gordon-Andrew Fletcher  Chairperson,Gordon-Andrew Fletcher,False,True,390d9716a9f1d07f42418020e3a6d6b98b2e95ab00d0e573117476f5
smd_2022_5A09,Zachary Ammerman  Treasurer,Zachary Ammerman,False,False,ad8ee990248f9163afe7f631e5ec255a1458bf11d8e48133576df51f
smd_2022_5B01,Edward Borrego  Treasurer,Edward Borrego,False,False,107c15d6fbfd1bff0bd83ca38625b5bb9ea968ae8a11b8864a45a19d
smd_2022_5B02,Nandini Sen  Secretary,Nandini Sen,False,False,2bdd5d1be2569a5cbddfe7d87616b662200ee37092c36ecb62a229e0
smd_2022_5B03,Vacant,Vacant,True,False,d04bf0b0acb56f5dbff49501f3e8dcbb1d93ee955e06a4474206453c
smd_2022_5B04,Ra Amin,Ra Amin,False,False,3d46e8598eee10b005321964fb0df95a6d4d568df9fc434ca9d89d42
smd_2022_5B05,Colleen Costello  Chairperson,Colleen Costello,False,True,706c65d07a45216cd87a93496d6ad18a66d1463191ccd20812b93d25
smd_2022_5B06,"Sukhprita ""Prita"" Piekara  Vice Chair","Sukhprita ""Prita"" Piekara",False,False,be8960e4f1e276de703b00a35f62af4b4385f435d4593f363dc1a6b3
smd_2022_5B07,Gail A. Brevard,Gail A. Brevard,False,False,6f000bc777bc8db917670f364230e9c9962eaff91773d332a231fed3
smd_2022_5C01,Anthony Dale,Anthony Dale,False,False,6e860517dde13844c1e96130308dbdb30b2cdd572bed362633f6bd85
smd_2022_5C02,Lauren Rogers  Vice Chair,Lauren Rogers,False,False,04e138dfeb6420a7aaefa180563e238c02dee30a5c28a480b5b93af6
smd_2022_5C03,Tequia Hicks Delgado  Secretary,Tequia Hicks Delgado,False,False,7d812efa0c070a8bd3bf8a92201a12208a438b84590b24c2e5218f9e
smd_2022_5C04,Jacqueline Manning  Chairperson,Jacqueline Manning,False,True,9caf35dd21033c9b579e3075692b33e42d94357f439050f3539e03dd
smd_2022_5C05,Darlene Oliver,Darlene Oliver,False,False,d57ab6c2d824b16821997019a29a5105b9c86ce2f7e2ebf4cded4639
smd_2022_5C06,Harry Thomas Jr.  Parlimentarian,Harry Thomas Jr.,False,False,8b403a3bc90595a50b392c76dd40fc0c21608e531955ba167eef0ed3
smd_2022_5C07,VJ Kapur  Treasurer,VJ Kapur,False,False,2e348a72b7624c2ad073b13105b3cb8eec5bb75a241a52fa1b38f7dc
smd_2022_5D01,Vacant,Vacant,True,False,17d3c2a65ed4ba23399133e4a6704a9fb120b6b137ea2701519c098c
smd_2022_5D02,Sebrena L. Rhodes  Vice Chair,Sebrena L. Rhodes,False,False,51993b8a51dcd2b6d1414b73423a1605717f1b90a0472da442e46b08
smd_2022_5D03,Anna Roblin,Anna Roblin,False,False,3336acb56c5a4b3edb511fcf9be1ae02a76ea6bdaa51d65eb1aa19dc
smd_2022_5D04,Stephen Cobb  Treasurer,Stephen Cobb,False,False,993197308a23fa5660a9779416d324c8de273fbd66c61d7007d2a477
smd_2022_5D05,Salvador Sauceda-Guzman  Chairperson,Salvador Sauceda-Guzman,False,True,6f626e6140f7ca863d19e4e3e6e2f073d59fd0a6d9cffc23395a123a
smd_2022_5D06,Kathy Henderson,Kathy Henderson,False,False,55a6a7b86d752f7da623ac12dedc4586ce62be0e166fc0624079c0d0
smd_2022_5D07,Juan McCullum,Juan McCullum,False,False,8b1d51f385cf38e8a97f6d66930096d293056af503044163e3b47123
smd_2022_5D08,Reid May  Secretary,Reid May,False,False,66685e7c72fb72bfb12fdb1c98adff2700f5cd339ee68dbafd22f696
smd_2022_5D09,Bernice Blacknell,Bernice Blacknell,False,False,809021e83db12c29d5f5a9ebe2228bf6734d31414ad7dc1993ca2281
smd_2022_5E01,Joyce Robinson-Paul  Vice Chair,Joyce Robinson-Paul,False,False,68a803a14bce3c3e260424a6323f764ee44d9de62a62f8b33c54e94d
smd_2022_5E02,Karla M. Lewis  Chairperson,Karla M. Lewis,False,True,1f530df9f04ca5232f0fb8a2482c831ca1bd3622dec130f1e39258bf
smd_2022_5E03,"Fred ""Phil"" Carver  Corresponding Secretary","Fred ""Phil"" Carver",False,False,380f6ac950dff49b623fe3aacde2f8ab31262bac841fcbd23e675f72
smd_2022_5E04,Huma Imtiaz  Recording Secretary,Huma Imtiaz,False,False,d2b1d7521017119538b15897ef746903b5dc57dd4249256e868a53c5
smd_2022_5E05,Kevin Rapp,Kevin Rapp,False,False,cd7ceebf60a6b9214c12991d83a66494cdf5738454090acf71017e89
smd_2022_5E06,Kirby Vining  Treasurer,Kirby Vining,False,False,7baaf176a11a2db80212f5c36359524b35a743975e04239dc4644698
smd_2022_5F01,Tony Hurst  Treasurer,Tony Hurst,False,False,26c296e1631898688a62b650f1244e9d0d7b99a0435f19fc4548069f
smd_2022_5F02,Aru Sahni,Aru Sahni,False,False,376efa91015cdb20cb691a695721790ee128e354fddd81e0c3089487
smd_2022_5F03,Patricia Williams,Patricia Williams,False,False,eb6c3cc2ef58d406a5e5cc2d357e6c49d7eba048ddbb283f6fcf91d5
smd_2022_5F04,Mark Galvan  Secretary,Mark Galvan,False,False,66a26024a80ee3d95548756da1769b1f17f2efdfb9abafedc79324e8
smd_2022_5F05,Jennifer Anderson  Vice Chair,Jennifer Anderson,False,False,ea2a3db3858878026864f232900275826d06ce235efae5351b1fe504
smd_2022_5F06,Joe Bishop-Henchman  Chairperson,Joe Bishop-Henchman,False,True,e99748755806c5150fc75f768aeeb21c4d074e609b08b49fb4017886
smd_2022_5F07,Sylvia M. Pinkney,Sylvia M. Pinkney,False,False,07477721497bb5b9bcd835b70811ddfcdf6029aa3008fb2d8e70182a
smd_2022_8F01,Nic Wilson,Nic Wilson,False,False,3dc9abe4b66599c0ab275fa1ac1aacd9960ffa5bae296c56e438a90c
smd_2022_8F02,Rick Murphree  Treasurer,Rick Murphree,False,False,a527faa30b7f77a3342c85f2a7a7f3929cd4b313cce9e9ea4e9a6123
smd_2022_8F03,Brian Strege  Secretary,Brian Strege,False,False,cb4ce7417a5f493c1d758faef279391170b3dbe1c746d9a6d664d9b9
smd_2022_8F04,Edward Daniels  Chairperson,Edward Daniels,False,True,3ea647259a63b007e14ecc3c387d7a3dd4a74772684ea55c225069f7
smd_2022_8F05,Clayton Rosenberg  Vice Chair,Clayton Rosenberg,False,False,b9d179b2d957cf803f99e420460231f5dfc7b510f84bc2476fa21d86
smd_2022_6A01,Keya Chatterjee  Vice Chair,Keya Chatterjee,False,False,5d400de50dd3aaf8245279efa068c90cb7d4dca9817609abbbddd530
smd_2022_6A02,Mike Velasquez,Mike Velasquez,False,False,e9acc19c27be47021e7775a8e4e4be0569edfc9eb9b41846a3c0c02b
smd_2022_6A03,Roberto Shapiro,Roberto Shapiro,False,False,f282fa021d98975df8489e18d835c2046a66ad08f6227b019304ae3e
smd_2022_6A04,Amber Gove  Chairperson,Amber Gove,False,True,728a6e4d83f2b595c3f9c0d1bc3c0fe9030eb627cee0a064f5ec2299
smd_2022_6A05,Laura Gentile  Parlimentarian,Laura Gentile,False,False,a0139868462bd3ae496d49b06a86e4ee609ad56f22a408184f2fa358
smd_2022_6A06,Robb Dooling  Secretary,Robb Dooling,False,False,926695d74ee8040d0dc24ff824038f991739cbca43f007d4fabf7045
smd_2022_6A07,Stephen Moilanen  Treasurer,Stephen Moilanen,False,False,5b43f42928bbc47452f4ac9b11f71af7d949a56b2d441d0b1078d2cc
smd_2022_6B01,Frank Avery  Treasurer,Frank Avery,False,False,109a082752c3e53ce5fb8e1dedf4b250a87f3e7e66e15c6d9666e956
smd_2022_6B02,"Gerald ""Jerry"" Sroufe","Gerald ""Jerry"" Sroufe",False,False,66f711b03290fcd3fa835db3955222e42dfd88d0eec4d78bfa7e1c42
smd_2022_6B03,David Sobelsohn  Secretary,David Sobelsohn,False,False,0f5dd4aaa06647ffed103f70ed19bd9d06561a05930536041a1f7686
smd_2022_6B04,"Francis ""Frank"" D'Andrea","Francis ""Frank"" D'Andrea",False,False,35c6a078f17a8c11412dbae11c39992fff9d7128b02c8a0fd07ed691
smd_2022_6B05,Kasie Durkit  Parlimentarian,Kasie Durkit,False,False,dd5d609da3ae1dff32ae20ef23fd88345e21af485a425b9d3bad1ed9
smd_2022_6B06,Chander Jayaraman  Vice Chair,Chander Jayaraman,False,False,e65231b87641fd9aeef7a5e5fd03ece9412e999919a6d3ade634eb42
smd_2022_6B07,Vince Mareino,Vince Mareino,False,False,090a8f3f99ea5f8f8a7704f5474a624b877fc48714c6c0449fbb7f6b
smd_2022_6B08,Edward Ryder  Chairperson,Edward Ryder,False,True,35834cb9e0adb24e9c03b45c75c401702ae762330b272fae04bcf747
smd_2022_6B09,Matt Lafortune,Matt Lafortune,False,False,6b198a731c75510805befb8e258606e86077d1def67a92e1302f924a
smd_2022_6C01,Christy Kwan,Christy Kwan,False,False,a3d3b84b857096aa40017c3c7bfae051db5c9cfe537d5f93b720ba5c
smd_2022_6C02,Leslie Merkle  Secretary,Leslie Merkle,False,False,8abd6ed3c1d04f6a09a102d5ece48ab91bdd9ce405f7226bb1eca1f5
smd_2022_6C03,Jay Adelstein,Jay Adelstein,False,False,61f8f10ef08755468a2ec9000e1e0846768f067d1cacb9edc5ececdd
smd_2022_6C04,Mark Eckenwiler  Chairperson,Mark Eckenwiler,False,True,489654b9a35559fc68ac1abd069aa48c0a1dc9be7e77c99460317543
smd_2022_6C05,Joel Kelty  Treasurer,Joel Kelty,False,False,4414671c016b81df93cf6cc32fbe346e0e42188c3dd5ed80e6b7aa90
smd_2022_6C06,Patricia Eguino,Patricia Eguino,False,False,5ce316131e4a50c804c82a720b37363c33bdbaf0706d09fa8ecb6c2c
smd_2022_6C07,Tony T Goodman  Vice Chair,Tony T Goodman,False,False,1e32fb1b42b7d71fb48ca134a6a6fcf95c767933615c4d39d26febc8
smd_2022_6D01,Bob Link  Vice Chair,Bob Link,False,False,1d489213fc5658b232d864779e3032c0cea351134464a7bf77903e50
smd_2022_6D02,Ronald Collins  Treasurer,Ronald Collins,False,False,d00ed9ccadd9042d96b69c85d949d47a27e0150db7f2c7294ad89795
smd_2022_6D03,Gail Fast,Gail Fast,False,False,ac46566432467d9f70f2cdf94abfe41da8548af49fb2e36cc19c0c5c
smd_2022_6D04,Andrea Pawley,Andrea Pawley,False,False,3896466a5f1e104060f19ca4934e48a3c63008f79124db948701d55f
smd_2022_6D05,Ashton Rohmer,Ashton Rohmer,False,False,e1b979c022c1e2bf7bb2f64fb4c261c1e489c5c69c4837152bdab89e
smd_2022_6D06,Bruce Levine  Secretary,Bruce Levine,False,False,9b47ff9811a61aca1b023c9e05c17d19e7ea4abd3481f36fc198745b
smd_2022_6D07,"Fredrica ""Rikki"" Kramer  Chairperson","Fredrica ""Rikki"" Kramer",False,True,2bc903fdf4f2e5502f675c40b627ade78e862e451b4402efb1ac34d2
smd_2022_6D08,Rhonda Natalie Hamilton,Rhonda Natalie Hamilton,False,False,8889ab7f5840f329b852e476ea70863ffdeb65fcef7711a7b94ddec2
smd_2022_6E01,Chris Hart  Chairperson,Chris Hart,False,True,bfb859378e41b3edc1063310b604dec9f978a09e0cc9740580f23caa
smd_2022_6E02,George Viedma,George Viedma,False,False,224d69812ff23508e84ba60b060c424f47cdfa3fd51f8f618bd5f191
smd_2022_6E03,Kevin M. Rogers,Kevin M. Rogers,False,False,c4786d979ed115f42810b06be5791c83adc83c69d8ebc964d2d1ae4c
smd_2022_6E04,Denise E. Blackson,Denise E. Blackson,False,False,d37e3f801ead6ca7deae4947d1b3d865d36a25d95d298dca1c1434fc
smd_2022_6E05,Ahmad Abu-Khalaf,Ahmad Abu-Khalaf,False,False,f28625a766e0a028879f3a3e05d1f667a1d6cdbe99439360a84d962e
smd_2022_6E06,Dylan Forest,Dylan Forest,False,False,e089c4b28604ffe2e65ef33922aab19138d68965a135ff283287703d
smd_2022_6E07,Vacant,Vacant,True,False,e9e2e4c1411c4d4dd6d643b9b47c1223cd8ff750171221d7fc0b9c5b
smd_2022_6E08,Vacant,Vacant,True,False,f4152ec451048c11ade9a32f0dd5f82e14cf3bf2cea144f94621eaa9
smd_2022_6E09,Ritanch Hans  Vice Chair/Treasurer,Ritanch Hans,False,False,93ba9b7c63d8807def0c19be49db62ab4d91ea1a41900678199ae6df
smd_2022_7B01,John F. Adams  Secretary,John F. Adams,False,False,4e345d81ec7a1fae434a4479cd1d5c340fd51dfe2551f34458a1edc4
smd_2022_7B02,Jamaal Maurice Pearsall  Vice Chair,Jamaal Maurice Pearsall,False,False,b4610737f89e55dd2f68380038b1316598f8c571681bb362996af077
smd_2022_7B03,Travis R. Swanson  Treasurer,Travis R. Swanson,False,False,342fe6ec6f1270920966c4cf856dd45421ade9c9f97940e5fc5475c9
smd_2022_7B04,D.L. Humphrey,D.L. Humphrey,False,False,e14151a170869b92fecb7124d25f0f1c90cdc6670e9c2c41dfb6eaa1
smd_2022_7B05,Donna Robinson,Donna Robinson,False,False,f74431ea621a634d278ee1cd5d8fb4b4c528319a9de9ef5ea9d1debf
smd_2022_7B06,Kelvin Earl Brown  Chairperson,Kelvin Earl Brown,False,True,3ac9f2f7dae85ec66bae39b01df1b7c829da15159e7def85a5e10f4d
smd_2022_7B07,Lisa D. T. Rice,Lisa D. T. Rice,False,False,f8d12ec4f9912be8cc29ee67aeafade073bb4667ff9dda0f9384ea7e
smd_2022_7B08,Kelly Taylor,Kelly Taylor,False,False,1c98f37f652683d479611823b4c764da22ef200db7d7eef8701db1ad
smd_2022_7B09,Michelle Hammond,Michelle Hammond,False,False,3983247b1597ee11ad3547680a13d435c727528d798bb6e1c18356c2
smd_2022_7C01,Brian A. Glover,Brian A. Glover,False,False,18254ceb56e9e95bf3fe03dd76b70baee2a109ea87296eb9ff6131b3
smd_2022_7C02,Patricia Williams,Patricia Williams,False,False,19c242029a420d898198fd2a0712d73e4f5a8ce52cbae5237319dd02
smd_2022_7C03,Carlos Richardson,Carlos Richardson,False,False,9d609ca0174d2d42fe1981f7208fba10af340787bcfe3a64f618da2f
smd_2022_7C04,Anthony Lorenzo Green  Vice Chair,Anthony Lorenzo Green,False,False,a5564bd91751d81ee447bde64481bb7c07716a596c94d312920cd3cc
smd_2022_7C05,Shirley A. Boykins,Shirley A. Boykins,False,False,9ee91ef4c1a14eb6c6090849200e2dd17f1f118498678eb4af6d0335
smd_2022_7C06,Patricia Stamper  Secretary,Patricia Stamper,False,False,f77ed80d6f1d9dd0148e88a1a04e4977839faf07c31d9bbe758aba75
smd_2022_7C07,Antawan Holmes  Chairperson,Antawan Holmes,False,True,34d1de0828edae05b9f5f1d2d852fc253544a7d8d8d452459094e6a8
smd_2022_7C08,Kimberly Martin  Sargent-at-arms,Kimberly Martin,False,False,9b96c40ccc8f882b3ec9fc7337beb56f8f5c5d56a56445791fb45d03
smd_2022_7C09,Carrie N. Brown  Treasurer,Carrie N. Brown,False,False,b9fac0659d0f044ccbdf2c10e1079ac9bcdf2d13a5de67c5f0c06908
smd_2022_7D01,Siraaj Hasan,Siraaj Hasan,False,False,6fcfa6f0e03131f2d23c80994f062329df86ce1d8b2ff1e45c9db9fb
smd_2022_7D02,Vacant,Vacant,True,False,aba3bd1f791de669432cb397c0a7dfc821a3ed9c476d879a72d0e946
smd_2022_7D03,Wendell Felder  Chairperson,Wendell Felder,False,True,186e2ee063996eb9085e158f8d3be8a5e45410801258582f3fb4b501
smd_2022_7D04,Milton Hardy,Milton Hardy,False,False,5af4a0ba18540db05b71b49e09eae201e2cc04ad06b102e55e7ad6b3
smd_2022_7D05,Ebony Payne,Ebony Payne,False,False,d791f7c57d97faa0fcf8859c83596e122fec5f8d5142f8d3629958f7
smd_2022_7D06,Marc Friend,Marc Friend,False,False,2360259a5df241c26e7aa76737c4b41afe193d2b6f8a95e542b57607
smd_2022_7D07,Brett Astmann  Treasurer,Brett Astmann,False,False,5ece2ae45bc1ea0eaffb5e0001271b5bd710e015cf43e62f45e2ea2c
smd_2022_7D08,Brian Alcorn  Vice Chair,Brian Alcorn,False,False,8e010c429f7912430ef61d3ae2d0f44e11fd046806b6cb73f81ff332
smd_2022_7D09,Ashley Schapitl  Secretary,Ashley Schapitl,False,False,388c790ebfcc5548aabbf940de5c78a946acc6cebc9024296ca046b7
smd_2022_7D10,Brianne Eby,Brianne Eby,False,False,999f9c70c313425505c1231d60e7c55f26a805f43afaf167208c2cf9
smd_2022_7E01,Katrina Norman,Katrina Norman,False,False,aa9ac8d1fb2ae0efdaee6219ce4b81a0f742c98055ebd69b99e99d0c
smd_2022_7E02,Krystal Bagley  Secretary,Krystal Bagley,False,False,2432879fbfd567adc12ffb2baa4da9fa4ad83755216ce68b50993d84
smd_2022_7E03,Vacant,Vacant,True,False,5ec7e29967c3b8abfd4663568b6a9fab7983bf622563e1faf1cc3654
smd_2022_7E04,Natasha Dupee  Vice Chair,Natasha Dupee,False,False,4ec528c646607084ca5eaa6360e55168321a84696d13392dc87dfb41
smd_2022_7E05,Timothy Howard  Treasurer,Timothy Howard,False,False,9b90b8a1980ba4e48014e3e365b22e8d18970c50774fc34a62769f31
smd_2022_7E06,Delia Houseal  Chairperson,Delia Houseal,False,True,62cf0e6c1e17dfa1bb930f3b46c4cfe4f0f140a0f48bb157d0f4b84f
smd_2022_7E07,Evette (S.L.) Lang,Evette (S.L.) Lang,False,False,f6fd655cd7acbe9129d7a30e6b434c3522a6792ac41bd0ac3f7d0303
smd_2022_7F01,Tyrell M. Holcomb  Chairperson,Tyrell M. Holcomb,False,True,59dfef6d72d9f51f55c280ce709e0da5d05af99242dd25af88e6f2f8
smd_2022_7F02,Ashley Renee Ruff,Ashley Renee Ruff,False,False,4aaecca60e187dc6c2ceef682b8b422d77e0b2d027963ddc4b7b6e29
smd_2022_7F03,Kimory Kso Orendoff  Secretary,Kimory Kso Orendoff,False,False,01e3c272d83fc085569892fe241484419746cf8cf91ca8d34fe3f318
smd_2022_7F04,Vacant,Vacant,True,False,ec5628314ea4aadc60473e4af119d8390c950c7cfc568e4a7a5a22df
smd_2022_7F05,Brittany N. Hughes  Vice Chair,Brittany N. Hughes,False,False,9d5821e7fe63cf9d36c5cf69102c64ec8ab2d4d6bcf92e0dc19e3202
smd_2022_7F06,Vacant,Vacant,True,False,4b17546e18dabcf3369992a1067570629279be80ac0a1f8f21535e1f
smd_2022_7F07,Shirley Thompson-Wright  Treasurer,Shirley Thompson-Wright,False,False,57e4b63c471973242e83bccf0258b6a5a8ba7726a6f944fccf7d8f67
smd_2022_7F08,Leonard Eugene Bishop  (proxy Danjuma Gaskins),Leonard Eugene Bishop  (proxy Danjuma Gaskins),False,False,98e9fb9999de9fbdaaa33c2d2ea1b1c352e1f79db322ff2db6cd928b
smd_2022_8A01,Tonya Crawford  Secretary,Tonya Crawford,False,False,ab5a2fd922dc7582830343448802e64f5e42064460d71e62811b07e1
smd_2022_8A02,Barbara J. Clark,Barbara J. Clark,False,False,1a691d3c2c62db58d6b31475a71d55816d8c526e376f7f037622f43d
smd_2022_8A03,Holly Muhammad,Holly Muhammad,False,False,ca10e03c949e710a82479f61513f1dbada0bee4cc78339f17266b9ae
smd_2022_8A04,Laneice Moore  Sargent-at-arms,Laneice Moore,False,False,5f20d6d7006fee59ab1a890ab122a674cb30e803c48b0fd18eb0f4e5
smd_2022_8A05,Jamila White  Chairperson,Jamila White,False,True,960ba8d0ed327704e2118c7c8c2196eaff84f60a8875f6933de7474b
smd_2022_8A06,Robin McKinney  Vice Chair,Robin McKinney,False,False,0ceed5225adab79999348da490fd7bf4f596144bf1cafb4189288312
smd_2022_8A07,Laverne Glenn  Treasurer,Laverne Glenn,False,False,f5344c14e147c9bf739dfc4e3e92ab6990853d99bfc252fa65728d89
smd_2022_8B01,Khadija Watson  Vice Chair/Treasurer,Khadija Watson,False,False,390817c7de9c96f27f1b53f92b16dc3ec47942494b2c89996b7c1888
smd_2022_8B02,Paul Trantham  Chairperson/Secretary,Paul Trantham,False,True,b96170278d04b396c0b8cd7fc63056eeb564e141908bdfeab3052457
smd_2022_8B03,Vacant,Vacant,True,False,106e7de392325d5acbc2f0866afed7c42f8ba123cd7c079910c92259
smd_2022_8B04,Kimberly Little,Kimberly Little,False,False,f4cfbad4bc531457f46cdcc7e6624d3dbaf651ef6d41c4a7ce79f0a1
smd_2022_8B05,Joseph Johnson,Joseph Johnson,False,False,14d33773365d8f723b38a3e07814301d7f5b29464c0f97f19217a267
smd_2022_8B06,Alyce McFarland,Alyce McFarland,False,False,4545680c9a2decb4c56338123fc78687d664a11b74f230022d17448d
smd_2022_8B07,Vacant,Vacant,True,False,f91a94d58eb7a159abd4f6aa75dae7728ac50505a07f60f92772627e
smd_2022_8C01,Georgette Joy Johnson  Treasurer,Georgette Joy Johnson,False,False,bb828674ba9d9de0575fab7dd5c6f579335f2aee425caeb15915ba04
smd_2022_8C02,Joyce M. Doyle,Joyce M. Doyle,False,False,919697cb47d931e601824552be1df382a18cab34fd83a3733dc6bf03
smd_2022_8C03,Dascha Cleckley  Secretary,Dascha Cleckley,False,False,9a046496f0920407cce1d351eac55f01a537a44b3e29024b49717fa1
smd_2022_8C04,Erica Green  Vice Chair,Erica Green,False,False,93ca149f43c06036f7064441594fea1566d8674dec97a0421d333ec2
smd_2022_8C05,Cheryl Moore,Cheryl Moore,False,False,500938d6c3365b9b69d7ca3c4c34871c4e5d0750e9e452cdc36e1452
smd_2022_8C06,Robbie Woodland,Robbie Woodland,False,False,80135235a3e77498ee61c3db9ff295918ae12dea0be509f45ce773b1
smd_2022_8C07,Salim Adofo  Chairperson,Salim Adofo,False,True,0c6f1191432f7d3c24b63864c01b10b01525bc52a7d88c60a9713f74
smd_2022_8C08,Amanda Beale,Amanda Beale,False,False,f345e7c4aef8362defaee4a167dfbd94466426f9f617b2f7e974adab
smd_2022_8D01,Jacqueline Kinlow  Treasurer,Jacqueline Kinlow,False,False,0862886951dfb9af00d6b6c3d522fc0d933fed1aecd7c7f9f132e423
smd_2022_8D02,Vacant,Vacant,True,False,abe92e0db7347cee40a70cee6f48e4cc7b1980a653292ea9cbc38450
smd_2022_8D03,Sandra Harrell,Sandra Harrell,False,False,e9efb384bd014731b2fb0d8caf8a853595cb9e8c71c931e0c6bdb919
smd_2022_8D04,Tara Brown,Tara Brown,False,False,6a813303e2cfd54b4a1fb688f2d1d27b2673c536cc4fb3d1079d41b5
smd_2022_8D05,Travon Hawkins,Travon Hawkins,False,False,752cbc03323dbc7ee1e027b4fb6923f92d50deef7ef38fa741e517cf
smd_2022_8D06,Wendy Hamilton  Chairperson,Wendy Hamilton,False,True,f2bf461cc7bf875a34f42bb63baf2d267db7615b41030ae61aa52bea
smd_2022_8D07,Natasha Yates  Vice Chair,Natasha Yates,False,False,1576d23173305d3800bddaff4a24a50ec3693404a84dfa6078994b02
smd_2022_8D08,Lakiah Williams  Secretary,Lakiah Williams,False,False,954d749da2f81ab2651e482c680ec952f207a2079e9ad92685597211
smd_2022_8E01,Deborah Wells,Deborah Wells,False,False,0b45d154960d5cdb53122e2b601e095ddac0786b60fccc220c583b56
smd_2022_8E02,Laqueda Tate  Vice Chair,Laqueda Tate,False,False,7cfe4cc6ffbace4fd49587bd9dbcc59ffd0c0c0e7dd67081aefbac16
smd_2022_8E03,Kelly Mikel Williams  Chairperson,Kelly Mikel Williams,False,True,ba8a626d8b35544b7b02d6306f60599558033ade15f3d3b95c5764da
smd_2022_8E04,Kendall Simmons,Kendall Simmons,False,False,d72fa9c3babeda818781f869356c8c8628c8739976be7b8314d95f32
smd_2022_8E05,Duane A. Moody  Secretary,Duane A. Moody,False,False,58b6f6ecca1e96de77862ad087cc0cce616518b1a13e45230e6a7ec6
smd_2022_8E06,Dolores Bryant  Parlimentarian,Dolores Bryant,False,False,970b2c4f6871d1a174e5e843f34a31f0861160a236d8fb31e75ee244
smd_2022_8E07,Vacant,Vacant,True,False,c768ca2f143cc9875ef2ea836c316bf8e96ab9cc11ab8fbad10efe2e
smd_2022_8E08,"Rowena ""Joyce"" Scott  Treasurer","Rowena ""Joyce"" Scott",False,False,3d2a91b5c37a8de3f02afa25db2aa3462f149d4cd99f351ef17a63d0
smd_2022_8E09,Rhonda K. Holmes,Rhonda K. Holmes,False,False,07aaebe0b392b040652bb99d5ac4b07693d698c86a4a4292e2fdf67d
