smd_id,lon,lat,smd,current_commissioner,number_of_candidates,list_of_candidates
smd_1A01,-77.03412972287954,38.93611303340671,1A01,Layla Bonnot,1,Layla Bonnot
smd_1A02,-77.03443069499727,38.93381287472092,1A02,Teresa A. Edmondson,1,Dieter Lehmann Morales
smd_1A03,-77.03450455712208,38.92757368318783,1A03,Zach Rybarczyk,1,Zach Rybarczyk
smd_1A04,-77.03122314576842,38.93401296303263,1A04,Matthew Goldschmidt,1,Chris Hall
smd_1A05,-77.03437454161045,38.93071628511695,1A05,Christine Miller,1,Christine Miller
smd_1A06,-77.02965105723172,38.93012215834535,1A06,Angelica Castañon,1,Judson Wood
smd_1A07,-77.0278763759389,38.93378167485273,1A07,(vacant),1,Mukta Ghorpadey
smd_1A08,-77.02281490254707,38.93496990138152,1A08,Kent C. Boese,1,Kent C. Boese
smd_1A09,-77.02345070046313,38.93190067712,1A09,Michael Wray,1,Michael Wray
smd_1A10,-77.02166226756961,38.929723457421076,1A10,Rashida Brown,1,Rashida Brown
smd_1A11,-77.02866324171401,38.92800890344182,1A11,Dotti Love Wade,1,Dotti Love Wade
smd_1A12,-77.03218347391251,38.926209196540974,1A12,Jason Clock,2,"Jason Clock, Jeremy Munro"
smd_1B01,-77.01861218673801,38.916735738956596,1B01,Anita Norman,1,Larry Handerhan
smd_1B02,-77.02583608170856,38.91688319962512,1B02,Dan Orlaskey,1,Dan Orlaskey
smd_1B03,-77.02621710649917,38.92355780235551,1B03,Sedrick Muhammad,1,Muhsin Boe Umar
smd_1B04,-77.03095520357589,38.919351565104044,1B04,Deborah Thomas,2,"Karen Gaal, Deborah Thomas"
smd_1B05,-77.03483518834828,38.92041768275895,1B05,(vacant),2,"Victoria Sanchez, Alan Kensek, Jr."
smd_1B06,-77.0336776277388,38.9221405022185,1B06,(vacant),1,Judy Floy
smd_1B07,-77.03461686211284,38.924469603931065,1B07,Marcia Shia,1,Max Ewart
smd_1B08,-77.03134464800138,38.92411114943674,1B08,Joshua Ryan Mater,2,"Eric Behna, Joshua Ryan Mater"
smd_1B09,-77.02465464073076,38.926444352069815,1B09,James A. Turner,1,James A. Turner
smd_1B10,-77.01720460403841,38.92460292221983,1B10,Danny Delaney,1,Danny Delaney
smd_1B11,-77.02241712984711,38.921347649648425,1B11,Robb Hudson,1,Robb Hudson
smd_1B12,-77.03045428625737,38.91610948802486,1B12,Dan Winston,3,"Michael ""Mike"" Singer, Dan Wittels, Sabel Harris"
smd_1C01,-77.04444150766953,38.91718255057215,1C01,Amir Irani,1,Amir Irani
smd_1C02,-77.0474322553309,38.92048566851769,1C02,(vacant),1,Celeste Carano
smd_1C03,-77.04376555890136,38.92060991853564,1C03,Ted Guthrie,3,"Elias Benda, Peter Wood, Ted Guthrie"
smd_1C04,-77.04545287701032,38.925220143158825,1C04,John V. Zottoli,2,"Meghan Faulkner, John V. Zottoli"
smd_1C05,-77.03990269429444,38.926485017805376,1C05,Damiana Dendy,1,Zack Gold
smd_1C06,-77.03833177312441,38.92413955448298,1C06,Michaela Wright,1,Benjamin Hart Butz
smd_1C07,-77.04111632889587,38.920993925002314,1C07,Japer Bowles,1,Japer Bowles
smd_1C08,-77.03794146934806,38.9195502902062,1C08,Chris Jackson,2,"Fiona Clem, Chris Jackson"
smd_1D01,-77.03942696096966,38.93238644849025,1D01,Jon Stewart,1,Jason Hamacher
smd_1D02,-77.03779257845966,38.936051138680064,1D02,Robin Sandenburgh,1,Robin Sandenburgh
smd_1D03,-77.04380037173226,38.933915631330656,1D03,Jack McKay,1,Jack McKay
smd_1D04,-77.03766492680333,38.93109848086383,1D04,Yasmin Romero-Latin,1,Matthew Brandeburg
smd_1D05,-77.04278890813768,38.92961112062137,1D05,Chelsea A. Allinger,1,Chelsea A. Allinger
smd_2A01,-77.04425158831782,38.885576937131255,2A01,Patrick Kennedy,1,Yannik Omictin
smd_2A02,-77.05257832300465,38.905383972390645,2A02,Nicole Goldin,1,Joel Causey
smd_2A03,-77.05401802772329,38.902514230251995,2A03,"Trupti ""Trip"" J. Patel",2,"Trupti ""Trip"" J. Patel, John P. George"
smd_2A04,-77.05738344996792,38.89235779548105,2A04,William Kennedy Smith,1,Donna Barbisch
smd_2A05,-77.05154142763605,38.89747613029355,2A05,Evelyn Hudson,1,Evelyn Hudson
smd_2A06,-77.04815569240033,38.90398353065301,2A06,Jeri Epstein,1,Jeri Epstein
smd_2A07,-77.0491771672608,38.899434988882696,2A07,Detrick Campbell,1,Adam Friend
smd_2A08,-77.04717194171765,38.89903557768939,2A08,James Harnett,0,(no known candidates)
smd_2B01,-77.04262906875749,38.91425386389784,2B01,Matthew H. Sampson,2,"Meg Roggensack, Matthew H. Sampson"
smd_2B02,-77.04630794003623,38.910348305356266,2B02,Daniel Warwick,1,Daniel Warwick
smd_2B03,-77.04140801709127,38.91220144835021,2B03,(vacant),2,"Yousef Bashir, Robin Linnett Nunn"
smd_2B04,-77.03651815198663,38.91261601307413,2B04,Aaron Landry,2,"Moshe 'Mo' Pasternak, Diane C. Quinn"
smd_2B05,-77.03732469397596,38.90486477210735,2B05,Randy D. Downs,1,William Herbig
smd_2B06,-77.043,38.904710500191115,2B06,Mike Silverstein,1,Mike Silverstein
smd_2B07,-77.04106426774771,38.90919804411436,2B07,Kari Cunningham,1,Michael Scott McKernan
smd_2B08,-77.04024711016017,38.91591850367757,2B08,Beverly Schwartz,1,Matthew Holden
smd_2B09,-77.03521745404072,38.91555449118036,2B09,Ed Hanlon,2,"Kyle Mulhall, Ed Hanlon"
smd_2C01,-77.02756668338199,38.895661961106896,2C01,Michael D. Shankle,1,Michael D. Shankle
smd_2C02,-77.01685784182132,38.899374751516405,2C02,Jamaal T. Burton,2,"Elizabeth Miske, Will Mascaro"
smd_2C03,-77.01743103033488,38.89213326718808,2C03,Kevin Wilsey,1,Gigi Nelson
smd_2D01,-77.05249941619985,38.91742694379136,2D01,David R. Bender,2,"Thomas McDonough, Ashley Warren"
smd_2D02,-77.05165667289249,38.91386137616636,2D02,Jeff Nestler,3,"Maliha Luqman, Benjamin Preis, Hannah Untereiner"
smd_2E01,-77.07496999318819,38.914456902168176,2E01,Kishan Putta,1,Kishan Putta
smd_2E02,-77.06848309364116,38.911740655520575,2E02,Joe Gibbons,2,"Jenny Mitchell, Christopher ""Topher"" Mathews"
smd_2E03,-77.06592258566927,38.90810277594152,2E03,Rick Murphy,1,Rick Murphy
smd_2E04,-77.0757647061127,38.908372791070015,2E04,Anna Landre,1,Anna Landre
smd_2E05,-77.06605625656543,38.90159143541647,2E05,Lisa Palmer,1,Lisa Palmer
smd_2E06,-77.05895557411169,38.90755752674934,2E06,Gwendolyn Lohse,2,"Gwendolyn Lohse, Matthew O'Donnell"
smd_2E07,-77.06032892209359,38.913925128589156,2E07,Elizabeth H. Miller,1,Elizabeth H. Miller
smd_2E08,-77.07248222757704,38.90795759176298,2E08,Matias Burdman,0,(no known candidates)
smd_2F01,-77.03079780490707,38.91261718583721,2F01,Jason Forman,1,Brian Romanowski
smd_2F02,-77.03247768786032,38.90991513802316,2F02,John Guggenmos,1,John Guggenmos
smd_2F03,-77.03239926161336,38.9075520236888,2F03,John Bottino,1,Michelle Yan
smd_2F04,-77.02850471731804,38.90975765745203,2F04,John Fanning,1,John Fanning
smd_2F05,-77.03233863223899,38.904351726175335,2F05,Madeleine G. Stirling,2,"Sherene Joseph, Ron Rubin"
smd_2F06,-77.02441645743131,38.905775583168676,2F06,Ian D. Simon,1,Ian D. Simon
smd_2F07,-77.02780695310454,38.90645161361945,2F07,Kevin J. Sylvester,2,"Rehana Mohammed, Kevin J. Sylvester"
smd_2F08,-77.02915432143736,38.903174879240936,2F08,Janice Ferebee,2,"Janice Ferebee, Alexandra Bailey"
smd_3B01,-77.07775320568358,38.925522325930814,3B01,Ann Lane Mladinov,1,Ann Lane Mladinov
smd_3B02,-77.07218641074816,38.920870410047286,3B02,Jackie Blumenthal,1,Jackie Blumenthal
smd_3B03,-77.0812546945239,38.92195048325272,3B03,Melissa Lane,1,Melissa Lane
smd_3B04,-77.07970018653832,38.928605086590025,3B04,Mary C. Young,1,Elizabeth Elson
smd_3B05,-77.07671337856266,38.919409306320595,3B05,Brian G. Turmail,1,Brian G. Turmail
smd_3C01,-77.05057441103597,38.92870418383347,3C01,Lee Brian Reba,1,Lee Brian Reba
smd_3C02,-77.05644533384009,38.925082558327155,3C02,Jason Fink,1,Jason Fink
smd_3C03,-77.05672123740803,38.92916458075729,3C03,Jimmy Dubois,1,Janell Marie Pagats
smd_3C04,-77.0535039064914,38.93576568574887,3C04,Beau Finley,1,Beau Finley
smd_3C05,-77.06471944603362,38.937019862309704,3C05,(vacant),2,"Trish Berman, Sauleh A. Siddiqui"
smd_3C06,-77.0769596066427,38.93747791556572,3C06,Angela Bradbery,1,Adam M. Hoyt
smd_3C07,-77.07518140275293,38.93111167762479,3C07,Maureen Kinlan Boucher,1,Maureen Kinlan Boucher
smd_3C08,-77.06611227452503,38.92480257085191,3C08,"Victoria ""Vicki"" Gersten",2,"Stephanie M. Zobay, Victoria ""Vicki"" Gersten"
smd_3C09,-77.07019552518312,38.93374061196658,3C09,Nancy J. MacWood,1,Nancy J. MacWood
smd_3D01,-77.0892916977229,38.928071014150326,3D01,Chuck Elkins,2,"Caroline Jane Croft, Chuck Elkins"
smd_3D02,-77.09474382453956,38.93754054503643,3D02,Troy Kravitz,2,"Toni A. Ghazi, Elizabeth R. Pemmerl"
smd_3D03,-77.10286130283815,38.940124156472976,3D03,Paige Ela,1,Paige Ela
smd_3D04,-77.11109185549896,38.93134285150981,3D04,Michael Sriqui,1,Michael Sriqui
smd_3D05,-77.10130036612591,38.92212097924831,3D05,Alan Karnofsky,1,Katharine Nanavatty
smd_3D06,-77.09031183207058,38.917142552566034,3D06,Virginia Gorsevski,1,Jason Rao
smd_3D07,-77.08921644459966,38.93726573789424,3D07,Taylor Berlin,1,Christian Damiana
smd_3D08,-77.08316759155244,38.931605671850846,3D08,Christine Warnke,2,"Benjamin Bergmann, Doreen Moses"
smd_3D09,-77.09386246439728,38.909851736201794,3D09,J.P. Szymkowicz,1,J.P. Szymkowicz
smd_3D10,-77.08224354560512,38.938613412156364,3D10,Jeremy Del Moral,1,Jeremy Del Moral
smd_3E01,-77.07961996460077,38.9481404599504,3E01,(vacant),1,Matthew Cohen
smd_3E02,-77.09546570152517,38.948781329016754,3E02,Amy B. Hall,1,Amy B. Hall
smd_3E03,-77.08563541929553,38.95436274578448,3E03,Jonathan Bender,1,Jonathan Bender
smd_3E04,-77.07875815820056,38.956462837486455,3E04,Tom Quinn,1,Tom Quinn
smd_3E05,-77.08441560145206,38.94381731859085,3E05,Jonathan McHugh,1,Jonathan McHugh
smd_3F01,-77.0686897218786,38.94244385109785,3F01,David Cristeal,1,David Cristeal
smd_3F02,-77.05913519217188,38.94377360030832,3F02,Carolinn A Kuebler,1,Alexandria Appah
smd_3F03,-77.05393997662381,38.95309936329783,3F03,Naomi Rutenberg,1,"Dipali (""Dipa"") Mehta"
smd_3F04,-77.065292899802,38.949589086666066,3F04,Leah Frelinghuysen,1,Stanley Wall
smd_3F05,-77.0673906486745,38.95875843180482,3F05,Andrea Molod,2,"Ryan Keefe, Claudette David"
smd_3F06,-77.070663932543,38.949104888984365,3F06,Monika Nemeth,1,Monika Nemeth
smd_3F07,-77.0555666158197,38.94156100498774,3F07,(vacant),1,Matt Buechner
smd_3G01,-77.04778313199846,38.97993228946841,3G01,Abraham Clayman,1,Lisa R. Gore
smd_3G02,-77.05183833385371,38.96961386827036,3G02,Chanda Tuck Garfield,1,John K. Higgins
smd_3G03,-77.06165871592323,38.96149734271903,3G03,Randy Speck,1,Randy Speck
smd_3G04,-77.06612875978068,38.96899819117026,3G04,Rebecca Maydak,2,"Stacy E. Beck, Michael Zeldin"
smd_3G05,-77.07188693032786,38.96580685962911,3G05,Jerry Malitz,1,Connie K.N. Chang
smd_3G06,-77.07667043927272,38.963207718319886,3G06,Dan Bradfield,1,Peter Gosselin
smd_3G07,-77.07335950317406,38.95848690139886,3G07,Chris Fromboluti,1,Chris Fromboluti
smd_4A01,-77.04089897310432,38.985386353101404,4A01,Phyllis Caudle Green,2,"Katie A. Snyder, Phyllis Green"
smd_4A02,-77.03186733970809,38.98376420625432,4A02,Stacey Lincoln,2,"Stacey Lincoln, Merrit P. Drucker"
smd_4A03,-77.03140149623125,38.97401539295817,4A03,"Stephen A. ""Steve"" Whatley",1,"Stephen A. ""Steve"" Whatley"
smd_4A04,-77.0309127873428,38.96765207543156,4A04,Patience R. Singleton,2,"Jes'Terieuz ""JT"" Howard, Patience R. Singleton"
smd_4A05,-77.03442337024265,38.96489572968585,4A05,(vacant),1,Carolyn C. Steptoe
smd_4A06,-77.03057025389984,38.961692379713895,4A06,Candace Tiana Nelson,1,Candace Tiana Nelson
smd_4A07,-77.03946800757015,38.964034473611626,4A07,Marlene Moss,1,Marlene Moss
smd_4A08,-77.04427011587988,38.942651378174894,4A08,Gale B. Black,1,Pavan Ishwar Khoobchandani
smd_4B01,-77.02239842577582,38.97809141637472,4B01,Evan Yeats,1,Evan Yeats
smd_4B02,-77.02239524924667,38.97250175357193,4B02,Erin Palmer,1,Erin Palmer
smd_4B03,-77.02024789092795,38.96744602468787,4B03,Scot Knickerbocker,2,"Jocelynn 'JJ' Johnson, Laurence B Minor II"
smd_4B04,-77.02316086956866,38.96287091557746,4B04,Brenda Parks,1,Brenda Dawson Parks
smd_4B05,-77.02312790988003,38.95904245667335,4B05,Perry Redd,2,"I-Ra A. Abubaker, Joseph P. Brennan III"
smd_4B06,-77.01353981541065,38.962283162892525,4B06,Tiffani Nichole Johnson,1,Tiffani Nichole Johnson
smd_4B07,-77.0103309283478,38.968488908683184,4B07,Geoff Bromaghim,1,Geoff Bromaghim
smd_4B08,-77.00585632368514,38.95926385370315,4B08,Alison Brooks,1,Alison Brooks
smd_4B09,-76.99729387554075,38.959290483067655,4B09,La Roya A. Huff,2,"La Roya A. Huff, Tischa Cockrell"
smd_4C01,-77.03011708684629,38.95650101969719,4C01,Charlotte Nugent,2,"Vanessa Rubio, Taalib-Din Uqdah"
smd_4C02,-77.03236971848138,38.95085196772991,4C02,Maria Barry,2,"Maria Barry, Bobby Curtis King II"
smd_4C03,-77.03324825668818,38.94507184982236,4C03,Ulysses E. Campbell,2,"Ulysses E. Campbell, Cecelia Waldeck"
smd_4C04,-77.03458914931403,38.93948390787631,4C04,Nora Simon,2,"Yvette D. Marbury-Long, Steve Donahoe"
smd_4C05,-77.03021937922641,38.94149975107208,4C05,Debbie Matties,1,Audrey Anderson Duckett
smd_4C06,-77.02701355894318,38.93782782386115,4C06,Bennett Hilley,2,"Mike Whelan, Namatie Sia Mansaray"
smd_4C07,-77.02342012056177,38.94347120578208,4C07,Kim Varzi,2,"Jacob Mason, Paul Johnson"
smd_4C08,-77.02170663268122,38.93927564016201,4C08,Leah Anderson,2,"Charles Andrew Sinks, Clara Haskell Botstein"
smd_4C09,-77.01801845511864,38.946066936532695,4C09,(vacant),1,Alan Wehler
smd_4C10,-77.01618636172047,38.9414667394034,4C10,Jonah Goodman,2,"Monica P. Blair, Jonah Goodman"
smd_4D01,-77.02613507054205,38.95613130868148,4D01,Peter Tabor,1,Erik Lindsjo
smd_4D02,-77.01526788149077,38.954819233105404,4D02,Renée L. Bowser,2,"Renée L. Bowser, Misha G. Cornelius"
smd_4D03,-77.019022972573,38.95254754763975,4D03,Aaron Polkey,1,Aryan Rodriguez Bocquet
smd_4D04,-77.02466356950933,38.95238557972383,4D04,Jamie Barden,2,"Zachary Israel, Chrysanthe ""CC"" Courniotes"
smd_4D05,-77.01235239264876,38.94901032042865,4D05,Krystal Branton,2,"Peter Benzoni, Eric Smith"
smd_4D06,-77.02338923033362,38.948408192982214,4D06,Jonathan Nobil,1,Jonathan Nobil
smd_5A01,-76.99382974488842,38.95504958588149,5A01,Frank Wilds,1,"Damion McDuffie, Sr."
smd_5A02,-76.98801417468205,38.949484506349094,5A02,Grace J. Lewis,1,Charles T. Lockett
smd_5A03,-76.99160751520242,38.945741633441614,5A03,Emily Singer Lucio,1,Emily Singer Lucio
smd_5A04,-77.00051799770179,38.93893953765895,5A04,(vacant),0,(no known candidates)
smd_5A05,-77.01084301972566,38.93564759980572,5A05,Ronnie Edwards,1,Ronnie Edwards
smd_5A06,-77.00541764882338,38.94176078817344,5A06,Claudia Barragan,1,"Derrick O. Holloway, Sr."
smd_5A07,-77.00528704818366,38.95060568926663,5A07,Sandi Washington,2,"April Brown, Sandi Washington"
smd_5A08,-76.99892588921581,38.950872888075345,5A08,Gordon-Andrew Fletcher,2,"Nestride Yumga, Gordon-Andrew Fletcher"
smd_5B01,-76.97707352000397,38.94223390846909,5B01,Gayle Carley,2,"Gayle Carley, Steven Reaves Couper"
smd_5B02,-76.98406594895962,38.937478629200456,5B02,Ursula Higgins,1,Ursula Higgins
smd_5B03,-76.98340621277521,38.929465435510906,5B03,Henri Makembe,1,"Sukhprita ""Prita"" Piekara"
smd_5B04,-76.99147963144237,38.92732985254151,5B04,Ra Amin,1,Ra Amin
smd_5B05,-76.99158859684792,38.938365221053154,5B05,"John J. Feeley, Jr.",2,"John J. Feeley, Jr., Colleen Costello"
smd_5C01,-76.96948872033296,38.93420601337621,5C01,Gail Brevard,2,"Gail Brevard, Michael Triebwasser"
smd_5C02,-76.96829489423114,38.92590267477644,5C02,Lauren Rogers,2,"Lauren Rogers, Ashlee Gates Mercer"
smd_5C03,-76.9535129993392,38.92385718381498,5C03,Pierre Hines,1,Pierre Hines
smd_5C04,-76.96475149980802,38.915338157293476,5C04,Jacqueline Manning,1,Jacqueline Manning
smd_5C05,-76.99074951174029,38.91759488801578,5C05,Darlene Oliver,3,"Justin R. Riordan, Raymond Chandler, Darlene Oliver"
smd_5C06,-76.98204937044102,38.922862642895176,5C06,Kirsten Williams,3,"Thaddeus James, Harry L. Thomas III, D'Andre A. Phillips"
smd_5C07,-76.97437258069037,38.927971427612746,5C07,Jeremiah Montague Jr.,1,Jeremiah Montague Jr.
smd_5D01,-76.99064442256427,38.91061641442718,5D01,Ryan Linehan,1,Sebrena L. Rhodes
smd_5D02,-76.9836910371288,38.90766055331324,5D02,Keisha L. Shropshire,1,Salvador Sauceda-Guzman
smd_5D03,-76.97954574629608,38.90397226823643,5D03,Steven C. Motley Sr,3,"Sean Barry, James Butler, Latoya Moore"
smd_5D04,-76.96724274931964,38.901359210927275,5D04,Bernice S Blacknell,1,Bernice S Blacknell
smd_5D05,-76.97590932436017,38.90138645159141,5D05,Sydelle Moore,2,"Kathy Henderson, Sydelle Moore"
smd_5D06,-76.98721548375867,38.903233256499036,5D06,(vacant),3,"Zachary Hoffman, Michael Lussier, Marina Budimir"
smd_5D07,-76.98518995136388,38.90523502009881,5D07,Clarence Lee,1,Stephen Cobb
smd_5E01,-76.99893455474744,38.928735430933365,5E01,Nick Cheolas,2,"Michael Braeuninger, Chelsea Skinner"
smd_5E02,-76.99765873759287,38.922677431360114,5E02,Patricia Williams,1,Patricia Williams
smd_5E03,-77.0016035590709,38.91530799928328,5E03,Cortney Segmen,2,"Denise L. Wright, Michael Kaercher"
smd_5E04,-77.006722040401,38.91288991105692,5E04,Sylvia M. Pinkney,2,"Sylvia M. Pinkney, Mary L. Farmer-Allen"
smd_5E05,-77.01275611544119,38.90911155020356,5E05,Bradley Ashton Thomas,1,Bradley Ashton Thomas
smd_5E06,-77.01343177776575,38.912611855190185,5E06,Karla M. Lewis,1,Karla M. Lewis
smd_5E07,-77.01177367218601,38.91517828488409,5E07,Bertha G. Holliday,2,"Sharon Burns, Bertha G. Holliday"
smd_5E08,-77.01195951286124,38.91862272119303,5E08,Robert Vinson Brannum,1,Robert Vinson Brannum
smd_5E09,-77.0103626994532,38.92404280713379,5E09,Dianne Barnes,3,"Dianne Barnes, Kirby Vining, Brandon Robert Watts"
smd_5E10,-77.00271016086872,38.92172524365698,5E10,Nancy Darlene Jones,2,"Nancy Darlene Jones, Sally Hobaugh"
smd_6A01,-76.99324387292594,38.90183999470665,6A01,Marie-Claire Brown,2,"Keya Chatterjee, Marie-Claire Brown"
smd_6A02,-76.99258368846763,38.89782381467033,6A02,Phil Toomajian,1,Phil Toomajian
smd_6A03,-76.99260809216042,38.89217575772842,6A03,Michael Soderman,1,Michael Soderman
smd_6A04,-76.98725395884597,38.8915079011831,6A04,Amber Gove,2,"Ali Gardezi, Amber Gove"
smd_6A05,-76.98814638312835,38.894852093131306,6A05,Ruth Ann Hudson,2,"Laura Gentile, Timothy W. Drake"
smd_6A06,-76.98556040892012,38.8983277643829,6A06,Stephanie Zimny,3,"H.J. Amons, Sr., Robb Dooling, Kate Robinson"
smd_6A07,-76.98007437166936,38.89752689743157,6A07,Sondra Phillips-Gilbert,3,"Sondra Phillips-Gilbert, Daniel M. Lee, Rico Dancy"
smd_6A08,-76.9793258976424,38.892365696430005,6A08,Brian Alcorn,1,Brian Alcorn
smd_6B01,-77.00501797127944,38.88563824251954,6B01,Jennifer E. Samolyk,1,Jennifer E. Samolyk
smd_6B02,-76.99757543929242,38.88682076130325,6B02,Gerald Sroufe,1,Gerald Sroufe
smd_6B03,-76.99831202900832,38.881806327233264,6B03,Brian Ready,2,"Gerardo Mijares, Brian Ready"
smd_6B04,-76.9927869528626,38.8807234491681,6B04,Kirsten Oldenburg,1,Kirsten Oldenburg
smd_6B05,-76.99225497157933,38.88737846789846,6B05,Steven Holtzman,1,Steven Holtzman
smd_6B06,-76.98475741709908,38.8780765229961,6B06,Corey Holman,1,Corey Holman
smd_6B07,-76.98815143626224,38.87912673605264,6B07,Kelly Waud,3,"Edward Ryder, David Reinersmann, Misha Pettway"
smd_6B08,-76.98606095475759,38.887449773604686,6B08,Chander Jayaraman,2,"Paul Blair, Peter Wright"
smd_6B09,-76.97872007921583,38.88120791566672,6B09,(vacant),2,"R. André Speaks, Alison Horn"
smd_6B10,-76.9801097720375,38.88775067401043,6B10,Kathryn Denise Rucker Krepp,1,Kathryn Denise Rucker Krepp
smd_6C01,-77.00202270531067,38.890919233190594,6C01,Christine Healey,1,Christine Healey
smd_6C02,-77.01036656232371,38.89572954647416,6C02,Karen Wirt,1,Karen Wirt
smd_6C03,-76.99760649411402,38.89448800846996,6C03,Jay Adelstein,1,Jay Adelstein
smd_6C04,-77.00635713010301,38.89861744370039,6C04,Mark Eckenwiler,2,"Mark Eckenwiler, Pranav Nanda"
smd_6C05,-76.99805387022894,38.90018882169864,6C05,Joel Kelty,1,Joel Kelty
smd_6C06,-77.00472658562312,38.904559695257134,6C06,Drew Courtney,1,Drew Courtney
smd_6D01,-77.02354432274882,38.8833406445981,6D01,Gail Fast,1,Andrew Bossi
smd_6D02,-77.0105063079117,38.88025567931064,6D02,Anna Forgie,1,Jared Weiss
smd_6D03,-77.01594817893653,38.88220867126714,6D03,Ronald R. Collins,1,Ronald R. Collins
smd_6D04,-77.02873656161559,38.877679426219395,6D04,Andy Litsky,1,Andy Litsky
smd_6D05,-77.024351966625,38.86475860736913,6D05,"Fredrica ""Rikki"" Kramer",1,"Fredrica ""Rikki"" Kramer"
smd_6D06,-77.01166163745717,38.87226585647069,6D06,Rhonda N. Hamilton,1,Rhonda N. Hamilton
smd_6D07,-76.9997137872511,38.87519538579514,6D07,Edward Daniels,2,"Edward Daniels, Eric S. Blaylock"
smd_6E01,-77.02418046899145,38.911644172699546,6E01,"Alexander M. ""Alex"" Padro",1,Michael Eichler
smd_6E02,-77.01891591795477,38.91157992219897,6E02,Michael J. Brown,3,"Tony Brown, Alex Lopez, Valerie Randolph"
smd_6E03,-77.02109813054655,38.90724995471025,6E03,Frank S. Wiggins,1,Frank S. Wiggins
smd_6E04,-77.01778597258424,38.90576409697886,6E04,Rachelle P. Nigro,2,"Rachelle P. Nigro, Jordan Hibbs"
smd_6E05,-77.01835018760464,38.9025312361808,6E05,Alex Marriott,1,Patrick K. Parlej
smd_6E06,-77.0105258117522,38.90532000163317,6E06,Alvin Judd Sr.,1,Denise E Blackson
smd_6E07,-77.01263143949933,38.90104588150669,6E07,Kevin M. Rogers,2,"Nate Brown ""MW6"", Kevin M. Rogers"
smd_7B01,-76.96447021856075,38.881706501332545,7B01,Patricia Howard-Chittams,2,"Chioma J. Iwuoha, John F. Adams"
smd_7B02,-76.9666515103238,38.86518986242773,7B02,Tiffany L. Brown,2,"Tiffany L. Brown, David Brooks, II"
smd_7B03,-76.97047923568563,38.874037026566576,7B03,Benjamin Crane,0,(no known candidates)
smd_7B04,-76.96010734754208,38.86901853340369,7B04,Nicole Smith-McDermott,2,"Cydne Smith Nash, David L. Retland"
smd_7B05,-76.96224120325357,38.85720646814809,7B05,"Villareal ""VJ"" Johnson II",2,"Villareal ""VJ"" Johnson II, Donna Robinson"
smd_7B06,-76.95373302654265,38.86150069775464,7B06,April Pradier,3,"Tony Dugger, Andrew Carlyle Haynesworth, Kelvin Brown"
smd_7B07,-76.95183753909572,38.87203566258208,7B07,D. L. Humphrey,1,D.L. Humphrey
smd_7C01,-76.92816235466637,38.89816717664699,7C01,Patricia A. Malloy,1,Patricia A. Malloy
smd_7C02,-76.92477030157829,38.89226874033289,7C02,(vacant),3,"Mandla Deskins, Yolanda Fields, Patricia Williams"
smd_7C03,-76.93178598734984,38.893784258380954,7C03,Catherine A. Woods,1,Vince Van
smd_7C04,-76.9249062152373,38.901840561344926,7C04,Anthony Lorenzo Green,2,"Anthony Lorenzo Green, Patricia Stamper"
smd_7C05,-76.91597671619945,38.89314393419984,7C05,Mary L. Gaffney,1,Mary L. Gaffney
smd_7C06,-76.92137980393385,38.898713272125185,7C06,Arnold Smith,1,Victoria Clark
smd_7C07,-76.93100211945004,38.90649796997553,7C07,Antawan Holmes,2,"Emmanuelle Klossou, Antawan Holmes"
smd_7D01,-76.97011064049288,38.893474139988,7D01,Tamara Blair,1,Tamara Blair
smd_7D02,-76.94313562861032,38.90533518636384,7D02,Siraaj M. Hasan,1,Siraaj M. Hasan
smd_7D03,-76.94458928449603,38.91023913960629,7D03,Dorothy Douglas,1,Dorothy Douglas
smd_7D04,-76.95862869832033,38.893489719590335,7D04,Cinque E. Culver,1,Milton Hardy
smd_7D05,-76.93780114952726,38.89321456785003,7D05,Aretha Jackson,3,"Stephanie Audain, Kimory KSO Orendoff, James Goldfield"
smd_7D06,-76.94138129096291,38.898130295364005,7D06,(vacant),1,Rebecca J. Morris
smd_7D07,-76.95425475150293,38.90132310013176,7D07,Artilie Wright,0,(no known candidates)
smd_7E01,-76.93690312171013,38.877801071287095,7E01,Veda Rasheed,1,Veda Rasheed
smd_7E02,-76.94078893684728,38.87229416990944,7E02,Linda S. Green,2,"Linda S. Green, Tierra J. Fletcher"
smd_7E03,-76.93317685691237,38.880284221186,7E03,Ebbon A. Allen,0,(no known candidates)
smd_7E04,-76.93402258070351,38.88586462953135,7E04,Takiyah Tate,3,"Natasha Dupee, Lorraine Miller, Keith Hasan-Towery"
smd_7E05,-76.92980108874141,38.88593348945492,7E05,Victor L. Horton,2,"Victor L. Horton, Sharon Jafari"
smd_7E06,-76.9242075327959,38.88489694769902,7E06,Delia Houseal,2,"Joel Savary, Delia Houseal"
smd_7E07,-76.91994135665442,38.88773127529494,7E07,Yolanda Fields,3,"Brandon M. Scott, Kimberly Martin, Justyn Iman"
smd_7F01,-76.94725426555108,38.89407883623808,7F01,Tyrell M. Holcomb,2,"Tyrell M. Holcomb, Ashley R. Ruff"
smd_7F02,-76.94379618196321,38.88552760092518,7F02,Terrance Hunter,3,"Dawn R. Cook, Terrance Hunter, Frederick Wolf"
smd_7F03,-76.93739040011303,38.88390696464097,7F03,Sheila Carson Carr,0,(no known candidates)
smd_7F04,-76.95389730149519,38.88206889978852,7F04,C Exum,2,"Racquel Codling, C Exum"
smd_7F05,-76.94943724395108,38.88565657068758,7F05,Brittany N. Hughes,2,"Karen Settles, Brittany N. Hughes"
smd_7F06,-76.95485138464196,38.89016355022197,7F06,Carol E. Fletcher,1,Betty J. Diggs
smd_7F07,-76.97035016664961,38.88561598125518,7F07,(vacant),0,(no known candidates)
smd_8A01,-76.97871677680264,38.87316866141457,8A01,Holly Muhammad,1,Holly Muhammad
smd_8A02,-76.98361891661939,38.86990408668088,8A02,Barbara J. Clark,1,Barbara J. Clark
smd_8A03,-76.97316542428722,38.86726801701096,8A03,Brian K Thompson,1,Brian K Thompson
smd_8A04,-76.98179954868235,38.8609822339344,8A04,Troy Donte Prestwood,2,"Moses Smith, Laneice Moore"
smd_8A05,-76.98312127650215,38.86460887848001,8A05,Dorcas Agyei,2,"Michael Grier, Jamila White"
smd_8A06,-76.99367486612934,38.866457315419346,8A06,Tyón Jones,4,"Aiyi'nah D. Ford, Isaac Smith, Robin ""Ward 8"" McKinney, Kristina (K) Leszczak"
smd_8A07,-76.98927646798415,38.85864903402259,8A07,Hanna Baker,3,"Steven Tiller, George O. Reid, Jr., Terri L. Acker"
smd_8B01,-76.97632268510915,38.860305347525504,8B01,Leonard Lee Watson Jr.,0,(no known candidates)
smd_8B02,-76.96996280093731,38.85818499959079,8B02,Paul Trantham,0,(no known candidates)
smd_8B03,-76.97214103769088,38.85354596377001,8B03,Charles H. Wilson,3,"Alyce K. McFarland, Charles H. Wilson, Joseph B. Johnson"
smd_8B04,-76.98559035980097,38.85483126733924,8B04,Darrell Danny Gaston,1,Kevin B. Coleman
smd_8B05,-76.96734893381765,38.85247391689203,8B05,Betty Scippio,2,"Betty Scippio, Michelle Kiah"
smd_8B06,-76.96985061212689,38.847131509783814,8B06,Humam Abdulmalik,1,Humam Abdulmalik
smd_8B07,-76.97724831843504,38.8443999175531,8B07,Keeon Johnson,0,(no known candidates)
smd_8C01,-77.01227383323813,38.85364990271837,8C01,Mike Austin,1,Kwasi Seitu
smd_8C02,-77.00000104255886,38.85276251716703,8C02,Chyla D. Evans,2,"Victoria Akinseye, Kendrick Daniel"
smd_8C03,-76.99358057624295,38.846750638064606,8C03,Robbie Woodland,3,"Tasha J. Powell, Robbie Woodland, Dolores ""Miracle"" Bryant"
smd_8C04,-77.00277161283013,38.834221398395535,8C04,Regina Sharlita Pixley,3,"Regina Sharlita Pixley, Reginia R. Summers, Travon ""Ward8"" Hawkins"
smd_8C05,-77.01793180696436,38.842352335925604,8C05,Mustafa Abdul-Salaam,1,Mustafa Abdul-Salaam
smd_8C06,-76.99491101017927,38.858526613965466,8C06,Rhonda L. Edwards-Hines,0,(no known candidates)
smd_8C07,-76.99739545427774,38.83920553484315,8C07,Salim Adofo,1,Salim Adofo
smd_8D01,-76.99605440126035,38.82720347426002,8D01,"Patricia ""Pat"" Carmon",2,"Patricia ""Pat"" Carmon, Zenobia Love"
smd_8D02,-77.00477134113453,38.82121146325203,8D02,Olivia L. Henderson,2,"Olivia L. Henderson, Emerald Holman"
smd_8D03,-77.0021107234724,38.8287195056779,8D03,Absalom Jordan,1,Absalom Jordan
smd_8D04,-77.0267329569124,38.8143977626866,8D04,Monique T. Diop,1,Monique T. Diop
smd_8D05,-77.00839115814183,38.823535796879405,8D05,Ellen Armstead,0,(no known candidates)
smd_8D06,-77.00878072186612,38.82714265786932,8D06,LaVerne R. Glenn,2,"LaVerne R. Glenn, Alyse Newhouse"
smd_8D07,-77.0252919530803,38.834228649729475,8D07,Constance Mobley,1,Patricia Janifer
smd_8E01,-76.98448285502575,38.849086995155076,8E01,Adeoye Owolewa,1,"Shekita ""Ki-Ki"" McBroom"
smd_8E02,-76.97830117878674,38.851262189030564,8E02,Cheryl Moore,3,"Cheryl Moore, Bruce Jones, Anthony Muhammad"
smd_8E03,-76.97482482059598,38.8483153739757,8E03,Monica Watts,0,(no known candidates)
smd_8E04,-76.98766458822388,38.84261435039173,8E04,Kendall Simmons,1,Kendall Simmons
smd_8E05,-76.9831412944833,38.83803478422777,8E05,Christopher L. Hawthorne,2,"Shaquan Hudson, Christopher L. Hawthorne"
smd_8E06,-76.99502995423077,38.83420926524227,8E06,"Karlene ""K"" Armstead",2,"Brittany Geneva Cummings, Karlene ""K"" Armstead"
smd_8E07,-76.99309193007663,38.83081545777048,8E07,Stephen A. Slaughter,2,"Jeannina ""W8 Matters"" Williams, Stephen A. Slaughter"
